COMPOSITOR,QUANTIDADE_DO,QUANTIDADE_DO_SUST,QUANTIDADE_RE,QUANTIDADE_RE_SUST,QUANTIDADE_MI,QUANTIDADE_FA,QUANTIDADE_FA_SUST,QUANTIDADE_SOL,QUANTIDADE_SOL_SUST,QUANTIDADE_LA,QUANTIDADE_LA_SUST,QUANTIDADE_SI,MEDIA_INTERVALOS,MEDIA_CONTORNO,2_NOTAS_SEGUIDAS,3_NOTAS_SEGUIDAS,MEDIA_DURACAO_NOTAS,MEDIA_DURACAO_PAUSAS,INT_HARM_1,INT_HARM_2,INT_HARM_3,INT_HARM_4,INT_HARM_5,INT_HARM_6,INT_HARM_7,INT_HARM_8,INT_HARM_9,INT_HARM_10,INT_HARM_11,INT_HARM_12,NOTA_DURACAO_<0.5,NOTA_DURACAO_0.5-1,NOTA_DURACAO_1-2,NOTA_DURACAO_2-4,NOTA_DURACAO_>4,PAUSA_DURACAO_<0.5,PAUSA_DURACAO_0.5-1,PAUSA_DURACAO_1-2,PAUSA_DURACAO_2-4,PAUSA_DURACAO_>4
Johann Sebastian Bach,35,93,162,13,154,19,150,140,35,168,10,140,-0.0092165898617511,-0.1251920122887865,27,0,0.4180736761320031,0.732542074855564,53,121,158,117,151,76,88,102,150,65,25,127,1022,149,104,19,9,676,316,213,78,44
Johann Sebastian Bach,214,3,168,171,33,182,28,197,103,58,64,93,-0.0075997466751108,-0.0240658644711842,29,1,0.3165084388185654,0.4899708242159007,92,110,157,89,57,52,74,86,225,61,25,138,1342,200,26,9,3,1143,484,125,58,18
Johann Sebastian Bach,191,11,172,6,162,122,41,210,16,158,22,116,0.0126782884310618,0.098256735340729,8,0,0.5572710477698601,0.7949841733625522,37,99,240,189,154,82,274,130,228,89,24,306,751,315,114,78,5,424,514,339,40,52
Johann Sebastian Bach,25,0,18,0,15,17,0,17,0,15,0,20,-0.1507936507936507,-0.1587301587301587,6,0,2.047244094488189,3.0,0,3,18,18,20,6,38,19,25,5,0,38,0,20,5,84,18,0,0,0,2,2
Johann Sebastian Bach,55,24,28,44,128,10,92,88,19,91,12,167,-0.0295801526717557,-0.08206106870229,64,25,0.5490943755958055,1.1790450928381964,33,46,231,138,161,97,148,125,176,51,12,185,381,431,224,13,0,37,192,72,35,41
Johann Sebastian Bach,90,8,62,54,22,44,20,83,40,14,37,31,-0.023076923076923,-0.016025641025641,55,14,0.3283685671578024,0.6829867128827268,375,328,453,206,259,231,134,106,242,108,44,219,1301,242,16,2,0,342,74,115,46,0
Johann Sebastian Bach,231,88,392,31,290,264,52,291,61,473,163,115,-0.0060459492140266,-0.2374042724707779,44,4,0.3748321246306744,0.7518616301110213,30,81,232,142,244,103,240,159,359,115,20,246,1698,687,63,29,5,636,1012,776,38,0
Johann Sebastian Bach,435,80,385,503,28,481,27,447,289,143,450,56,-0.0019204389574759,-0.0727023319615912,94,10,0.6102349606875119,1.1503785614664264,63,216,579,468,531,256,682,425,588,365,77,748,2032,1037,382,170,25,878,234,121,201,239
Johann Sebastian Bach,55,8,107,46,21,38,44,97,6,75,87,1,-0.0067796610169491,-0.1338983050847457,1,0,1.0,1.5068493150684932,3,31,109,116,98,44,125,93,113,57,15,136,2,366,100,101,22,0,26,21,17,9
Johann Sebastian Bach,313,118,554,31,433,51,378,516,38,516,39,457,0.0010545742156604,-0.0978117585025046,24,8,0.4130425232823757,1.2961847389558232,22,94,450,294,482,171,464,329,473,259,48,500,2423,1044,261,58,8,79,131,80,95,30
Johann Sebastian Bach,115,61,248,12,221,185,56,220,28,257,88,88,0.0,-0.0195241000610128,37,9,1.2421747967479675,1.3092665356908972,42,66,286,236,176,119,315,183,296,102,29,284,99,932,296,247,66,775,349,73,62,268
Johann Sebastian Bach,205,83,322,25,300,40,216,288,31,314,21,266,0.0040250447227191,-0.0697674418604651,30,8,0.4059752644911342,1.0032828282828294,21,82,219,146,226,99,327,182,230,160,37,369,1406,738,71,18,4,140,91,44,25,30
Johann Sebastian Bach,191,90,330,30,264,204,44,222,63,398,136,113,-0.0058343057176196,-0.1147413457798521,92,10,0.5143532918610675,1.4606188466947971,54,97,447,279,385,201,519,307,507,191,46,600,1029,1366,91,77,9,268,220,192,78,190
Johann Sebastian Bach,764,39,598,612,45,595,46,776,336,143,267,282,-0.0023432923257176,-0.0558484670962702,65,4,0.4495151633476506,1.11653762160016,91,265,627,589,532,320,734,649,910,335,122,984,3253,1451,368,50,0,696,345,179,458,1
Johann Sebastian Bach,21,0,33,0,18,0,18,32,0,20,0,21,-0.074074074074074,-0.2654320987654321,17,0,1.1748466257668713,2.4166666666666665,2,0,57,44,30,13,23,20,38,5,0,52,0,23,112,22,6,0,5,10,0,15
Johann Sebastian Bach,739,113,642,858,45,814,32,773,518,202,751,78,0.0019656019656019,-0.0296478296478296,128,36,0.7988999890817773,2.145522388059702,64,380,912,777,925,400,1122,692,984,609,163,1088,2617,1465,1207,687,130,128,159,262,180,209
Johann Sebastian Bach,52,3,48,37,12,29,9,34,10,24,0,41,0.0441176470588235,-0.0205882352941176,15,3,0.5161290322580646,0.9655172413793104,27,27,37,15,18,21,29,36,24,9,3,21,206,70,57,6,2,6,16,0,6,1
Johann Sebastian Bach,55,3,36,41,9,36,3,60,26,18,12,24,-0.0152439024390243,0.0182926829268292,4,0,0.4437689969604863,0.4347826086956521,5,26,34,45,29,35,34,26,39,15,12,36,205,86,35,0,3,13,9,0,1,0
Johann Sebastian Bach,128,39,136,43,206,75,84,107,64,170,24,157,-0.0097165991902834,0.0364372469635627,2,0,0.6273597626752967,0.7222222222222222,2,2,1,8,4,18,19,33,68,26,2,26,141,880,151,62,2,23,86,4,2,8
Johann Sebastian Bach,850,116,977,485,309,737,229,1145,166,691,896,154,-0.0025682616923492,0.072316842389835,141,15,0.435802135423707,1.0672727272727272,442,505,409,378,416,207,497,352,559,324,105,812,4644,2099,505,111,40,105,80,33,34,23
Johann Sebastian Bach,209,936,1244,114,1340,78,1350,871,280,1286,86,1124,0.0,0.1051700821803807,504,65,0.3717235281880597,0.8403780068728522,202,612,609,515,512,227,679,501,694,435,115,911,6903,2187,428,92,4,187,145,88,55,10
Johann Sebastian Bach,158,98,270,44,247,23,278,261,26,302,25,296,-0.011472275334608,-0.008604206500956,38,1,0.3822264691829908,0.6358974358974359,38,75,140,134,116,48,136,100,135,64,15,144,1252,781,47,13,0,85,77,22,9,2
Johann Sebastian Bach,209,47,137,197,37,224,8,232,172,50,241,6,0.0025300442757748,-0.0853889943074003,36,0,0.3912241887905604,0.6022135416666666,23,88,113,87,80,39,148,95,115,55,14,98,944,592,42,4,0,56,68,0,1,3
Johann Sebastian Bach,248,82,214,428,24,338,10,318,288,54,410,22,-0.0048959608323133,-0.0779273765809873,26,0,0.3892740619902121,0.7714843749999999,16,64,154,124,100,58,168,170,220,78,20,168,1560,800,66,26,0,84,120,20,32,0
Johann Sebastian Bach,186,17,205,4,257,124,25,120,61,239,6,218,0.003063725490196,-0.0949754901960784,15,0,1.1978464992855706,0.8599554234769695,25,127,518,365,456,157,542,352,483,162,51,781,1,994,455,152,31,810,294,79,78,85
Johann Sebastian Bach,267,54,239,36,188,262,15,221,24,233,159,65,-0.0056899004267425,-0.0398293029871977,53,3,0.348696682464455,1.0460618846694802,70,108,261,236,201,78,196,191,166,85,28,244,1647,338,116,9,0,393,93,101,361,0
Johann Sebastian Bach,238,5,197,218,27,194,30,269,79,72,82,72,-0.0067950169875424,-0.0866364665911664,29,5,0.4581211092246751,1.508358662613981,66,112,316,273,253,101,251,273,303,106,29,324,1258,314,119,60,16,94,67,63,39,66
Johann Sebastian Bach,87,51,188,18,150,144,27,131,28,187,97,44,-0.0104166666666666,-0.1944444444444444,14,0,0.9232437120555074,2.5642201834862384,1,31,189,164,169,100,214,153,203,85,38,180,363,305,279,196,10,3,20,13,29,44
Johann Sebastian Bach,380,37,393,219,131,362,59,431,13,345,408,42,-0.0037394827048924,-0.0498597693985665,95,35,0.3807892004153696,1.3965961486303229,67,60,214,160,168,65,193,145,160,79,14,293,1984,1087,127,12,0,453,133,92,551,0
Johann Sebastian Bach,78,47,113,58,183,44,94,114,40,150,42,171,-0.0202879581151832,-0.0045811518324607,49,2,0.3838565511227381,0.6528906955736226,301,255,169,96,126,104,103,102,126,52,26,69,822,684,23,0,0,197,108,34,30,0
Johann Sebastian Bach,372,48,349,61,503,202,171,265,138,499,19,405,-0.0097035040431266,-0.0234501347708894,59,11,0.4265022904877387,1.5164662084765186,123,200,456,270,398,211,392,304,509,152,75,455,2768,555,302,64,22,156,125,80,175,46
Johann Sebastian Bach,492,37,366,362,60,350,72,464,174,147,258,121,0.0087719298245614,-0.0698505523066926,63,6,0.8013965573238064,0.7522982635342185,60,106,353,356,385,282,483,477,632,269,108,459,399,2178,281,175,46,715,77,57,59,71
Johann Sebastian Bach,131,9,138,124,29,105,27,134,51,69,68,61,-0.0185185185185185,-0.0282651072124756,3,0,0.5102239532619278,0.6058467741935486,7,26,134,52,55,101,70,66,157,38,29,63,526,318,155,26,2,152,49,26,18,3
Johann Sebastian Bach,109,36,229,7,128,16,153,223,11,198,18,190,-0.0154838709677419,-0.1367741935483871,14,0,0.3756716097141629,1.1280864197530869,23,70,340,222,325,99,311,223,312,187,29,409,1068,454,8,21,0,82,71,39,78,0
Johann Sebastian Bach,104,0,118,0,114,96,0,97,0,100,0,94,0.0096952908587257,-0.2590027700831025,37,0,0.603042876901798,2.333333333333333,20,57,102,111,60,17,77,49,65,36,21,149,134,449,128,11,1,0,0,0,10,2
Johann Sebastian Bach,48,4,44,39,4,32,4,43,16,4,0,32,0.0,-0.0462633451957295,58,2,0.8959810874704494,0.9583333333333334,10,18,16,18,18,12,20,20,18,16,0,26,36,136,59,48,3,4,0,11,0,1
Johann Sebastian Bach,99,19,87,15,88,59,22,77,23,138,20,65,-0.0254163014899211,-0.0604732690622261,34,1,0.3711325160537063,0.5829081632653065,289,373,197,145,166,89,161,117,168,96,45,159,759,363,17,3,0,199,125,40,28,0
Johann Sebastian Bach,51,503,649,63,595,71,633,279,241,643,41,498,-0.0025553662691652,-0.0683560477001703,29,5,0.5261159605421897,1.4973342605470554,44,197,537,443,587,188,482,513,676,203,50,557,2515,1155,875,130,22,116,210,169,121,103
Johann Sebastian Bach,267,35,343,11,298,231,72,320,20,289,89,196,-0.0022851919561243,-0.0822669104204753,34,0,0.4057027562052687,0.5972222222222222,35,87,152,117,137,72,173,138,129,75,21,149,1319,693,161,16,0,52,81,12,11,0
Johann Sebastian Bach,33,0,26,0,30,27,0,31,0,26,0,26,-0.0353535353535353,-0.0404040404040404,2,0,0.7537688442211056,2.0,0,4,14,10,9,0,11,10,4,2,4,4,0,156,29,10,4,0,0,0,1,0
Johann Sebastian Bach,548,252,868,99,807,82,669,820,96,827,51,874,-0.0025927726462485,0.071625344352617,67,12,0.5114090516310219,1.0188640132669988,179,274,305,267,296,180,381,341,415,300,81,465,2775,2459,774,139,25,177,52,92,61,20
Johann Sebastian Bach,147,37,188,26,188,44,138,200,10,189,6,205,0.0,0.0332850940665701,4,0,0.3148951554591467,0.416243654822335,15,3,33,14,30,31,18,49,46,32,12,14,1311,48,13,1,10,166,5,25,0,1
Johann Sebastian Bach,318,68,230,254,62,252,54,326,172,90,204,84,-0.0146572104018912,0.0430260047281323,64,0,0.3987476370510397,0.5767241379310344,32,50,142,84,80,56,60,82,130,18,12,94,1284,792,24,16,0,190,64,30,0,6
Johann Sebastian Bach,158,131,394,1,378,305,8,264,52,342,115,152,-0.007790077900779,-0.005330053300533,26,4,0.2890368852459016,0.6913793103448276,107,25,99,65,56,55,77,111,140,35,23,81,2201,197,42,0,0,14,111,12,8,0
Johann Sebastian Bach,183,32,236,23,187,199,30,192,28,240,129,71,0.0102163461538461,-0.001201923076923,6,0,0.9257257257257256,1.205653021442496,20,107,323,292,318,116,353,220,317,195,72,404,28,1231,222,147,37,292,179,31,67,115
Johann Sebastian Bach,24,21,25,21,42,11,25,25,17,29,23,38,-0.038632986627043,-0.0475482912332838,11,0,0.3044015825914937,0.3797760210803687,220,267,67,38,54,48,51,56,91,56,22,45,554,118,2,0,0,166,67,20,0,0
Johann Sebastian Bach,168,61,415,6,249,19,240,410,9,226,12,280,0.0,-0.0696798493408663,138,0,0.5948235294117648,1.7264653641207814,43,100,402,330,302,98,278,237,276,105,42,473,1025,476,512,100,12,46,48,40,413,16
Johann Sebastian Bach,196,128,364,54,318,30,275,329,20,343,23,287,-0.0101052631578947,-0.0231578947368421,102,4,0.383452581369248,0.6729747675962816,12,41,136,76,88,46,114,98,155,52,25,231,1429,907,24,16,0,94,69,85,3,0
Johann Sebastian Bach,56,8,44,64,4,48,4,64,24,12,12,28,0.0,0.0435967302452316,11,2,0.7717391304347826,1.0,0,24,40,48,24,32,20,20,28,4,0,4,0,256,68,44,0,0,0,4,0,0
Johann Sebastian Bach,447,39,415,22,426,293,107,442,34,392,80,298,0.0,-0.0848080133555926,35,0,0.4061248331108144,0.7521097046413502,14,60,156,128,145,59,170,158,163,106,34,244,1867,1001,72,56,0,56,143,2,36,0
Johann Sebastian Bach,360,41,316,428,19,400,5,385,274,75,381,25,-0.0069955817378497,-0.1292341678939617,31,1,0.9329530119003812,2.2043618739903064,64,242,566,424,589,182,734,419,563,355,118,597,645,1079,619,303,71,269,99,55,15,181
Johann Sebastian Bach,80,44,173,6,122,112,25,119,15,167,69,43,0.0041067761806981,-0.1232032854209445,6,0,1.023076923076923,2.8793103448275863,6,40,134,142,155,63,202,148,151,79,14,174,2,497,294,172,10,0,5,16,17,49
Johann Sebastian Bach,23,20,0,15,0,17,0,17,16,0,18,0,0.0,-0.376,6,0,2.063492063492064,3.0,0,3,20,18,20,6,36,21,25,5,0,36,0,20,5,82,19,0,0,0,2,2
Johann Sebastian Bach,87,51,188,18,150,144,27,131,28,187,97,44,-0.0104166666666666,-0.1944444444444444,14,0,0.9283752529632848,2.609276729559748,3,50,207,179,181,111,230,169,213,95,42,192,363,305,279,196,10,0,20,13,29,44
Johann Sebastian Bach,104,26,165,6,114,23,80,163,14,163,2,141,-0.0272168568920105,0.0008779631255487,56,3,0.695687134502924,0.910695742471443,41,105,208,157,177,82,230,135,210,112,31,245,119,829,174,18,0,353,83,85,121,0
Johann Sebastian Bach,19,0,13,0,28,15,0,22,0,6,0,4,-0.0283018867924528,0.0,4,0,1.1775700934579438,6.0,0,0,9,8,0,2,2,13,17,0,0,0,0,0,96,9,2,0,0,0,0,1
Johann Sebastian Bach,48,28,99,0,82,49,12,39,25,96,15,50,-0.0567765567765567,-0.1428571428571428,12,0,1.0028945764777577,0.6922169811320755,17,44,157,105,77,62,141,80,79,77,9,89,20,305,110,97,15,34,124,54,0,0
Johann Sebastian Bach,29,0,42,0,55,42,0,30,0,0,0,0,0.0203045685279187,0.0,39,0,0.98989898989899,2.8,23,65,68,46,45,0,46,0,0,0,0,0,0,106,84,4,4,0,0,2,4,4
Ludwig van Beethoven,356,128,499,295,165,405,263,434,99,301,367,273,0.0021965952773201,-0.00109829763866,155,34,0.3682894094680312,0.4196741854636593,48,516,1522,958,1001,470,621,675,1142,400,50,1781,4165,946,301,52,0,923,263,141,3,0
Ludwig van Beethoven,71,200,36,171,312,47,306,45,262,224,68,622,-0.0038387715930902,-0.00127959053103,16,0,0.3789574672209785,0.4179292929292929,0,139,721,425,375,230,322,299,559,198,13,1108,2273,605,217,32,0,264,86,45,1,0
Ludwig van Beethoven,150,716,97,488,333,79,263,146,1146,269,136,251,0.0023282887077997,0.0886689949553744,15,10,0.3630940834141598,0.3283051756503083,60,69,694,392,481,495,323,581,600,172,42,1481,4382,501,163,85,24,1119,71,30,19,4
Ludwig van Beethoven,48,30,61,176,20,98,39,66,69,19,164,42,-0.0051169590643274,0.0833333333333333,130,54,0.5385317750182617,0.8954895489548954,139,220,478,335,293,226,294,257,341,230,72,295,566,600,173,28,2,111,103,36,49,4
Ludwig van Beethoven,55,16,56,31,11,52,5,39,6,12,31,30,0.0067396798652064,0.0488626790227464,149,31,0.3602693602693596,0.4308146766169149,25,46,290,198,152,70,161,182,233,45,10,773,793,332,63,0,0,371,83,82,0,0
Ludwig van Beethoven,19,159,65,47,41,43,132,77,82,105,44,86,0.0059925093632958,0.0127340823970037,144,14,0.4576625483589174,0.5362095531587071,240,320,1469,674,683,720,682,583,838,249,106,2061,1566,757,332,16,0,380,172,63,34,0
Ludwig van Beethoven,127,25,201,142,22,167,65,140,16,127,163,44,-0.0100946372239747,0.0593059936908517,7,0,0.4388398486759142,0.657439446366782,15,89,338,172,144,171,170,242,279,91,24,357,1036,338,180,32,0,99,121,54,15,0
Ludwig van Beethoven,15,57,0,32,0,18,31,10,66,0,38,3,-0.0438729198184568,0.0711043872919818,48,0,1.2628398791540785,1.18,0,12,102,69,138,63,94,109,139,88,0,256,74,79,322,187,0,0,85,81,34,0
Ludwig van Beethoven,461,54,311,117,327,262,59,696,88,183,61,307,0.0072115384615384,0.0661057692307692,72,19,0.3700347152680303,0.4899614961496144,232,1076,964,597,697,248,611,339,433,289,99,1868,4016,580,358,39,0,1933,443,539,115,0
Ludwig van Beethoven,81,0,38,54,233,18,0,20,24,178,23,68,-0.0354285714285714,0.1828571428571428,87,47,0.3019406392694063,0.3007246376811594,30,40,135,65,51,52,58,24,65,9,4,41,759,98,19,0,0,330,73,11,0,0
Ludwig van Beethoven,620,167,469,391,679,341,293,654,359,574,173,862,0.0069494715506008,0.0107137686405096,147,75,0.4585504728816832,0.3411062019309449,138,220,1434,1094,1078,540,986,732,916,483,93,1649,5843,326,336,305,98,1704,215,94,21,3
Ludwig van Beethoven,650,104,210,430,99,282,95,567,385,89,414,87,0.0,0.0473580355185266,113,16,0.4695491743387402,0.4019931523599903,49,209,1250,504,652,503,697,512,780,348,47,1622,2615,1433,291,222,1,1027,207,106,22,1
Ludwig van Beethoven,19,6,8,3,13,36,3,20,7,18,14,19,0.1217948717948717,0.0512820512820512,28,3,0.479233226837061,0.6915584415584413,5,9,71,40,33,32,50,37,33,16,3,152,153,117,43,0,0,49,69,25,11,0
Ludwig van Beethoven,714,422,55,392,303,351,122,254,574,77,297,152,-0.0065126050420168,-0.01890756302521,468,259,0.5774347125953941,0.6463912267278766,29,238,1679,594,793,679,407,576,740,158,86,1400,2461,1584,528,132,56,695,392,120,66,34
Ludwig van Beethoven,48,152,18,75,112,15,128,34,171,84,8,85,-0.0067632850241545,0.178743961352657,16,0,0.7141248391248426,0.4542349726775951,1,30,55,127,152,37,208,184,64,31,4,1074,791,21,85,101,38,186,34,19,4,1
Ludwig van Beethoven,310,43,141,308,53,216,46,293,121,63,272,77,-0.0101694915254237,0.0627118644067796,42,0,0.8671113934773397,0.8681938911022576,9,99,430,208,233,255,169,143,316,89,21,561,382,1049,650,280,0,213,184,263,93,0
Ludwig van Beethoven,90,33,85,28,174,39,139,162,19,109,38,186,-0.015375854214123,0.020501138952164,126,47,0.7301271106051986,0.6208274565115186,21,88,578,239,200,305,285,137,323,154,17,711,967,190,382,218,0,397,140,106,66,0
Ludwig van Beethoven,858,405,89,251,227,787,220,367,511,142,449,117,-0.0057102069950035,0.0753033547466095,24,0,0.345272078501338,0.4386966126656848,3,281,1374,599,733,293,466,592,724,232,84,1283,4903,262,353,87,0,982,216,110,50,0
Ludwig van Beethoven,39,109,0,62,0,78,96,4,152,8,13,1,0.0118143459915611,-0.0556962025316455,69,12,0.4511663856098926,0.3307200929152147,56,195,395,290,324,177,321,253,288,138,38,465,735,273,170,8,0,195,85,7,0,0
Ludwig van Beethoven,103,20,119,99,21,379,22,92,38,106,190,27,-0.0136624063464081,0.0242397531952401,104,30,0.3968428781204121,0.4349148418491483,247,428,509,406,388,276,407,370,389,177,116,783,1551,533,167,19,0,466,131,88,0,0
Ludwig van Beethoven,330,33,237,235,49,209,28,321,116,48,134,134,-0.0089792060491493,0.0288279773156899,33,5,0.6832782239017431,0.5388967468175389,10,69,216,174,113,103,139,160,141,76,19,302,620,1014,307,155,21,374,205,83,45,0
Ludwig van Beethoven,395,133,388,230,240,681,73,236,84,335,528,82,-0.0028169014084507,0.0497652582159624,12,0,0.4465501056090117,0.5591944670463781,110,112,1329,470,375,389,269,317,442,127,46,910,3368,298,433,135,27,772,244,139,74,0
Ludwig van Beethoven,435,315,493,416,327,449,348,490,269,393,476,302,0.004546879899655,-0.0050172467858262,302,105,0.4218921461044091,0.4853959025470601,964,1377,692,456,727,326,805,614,934,435,205,1191,4797,759,728,92,3,1602,406,280,120,0
Ludwig van Beethoven,55,56,16,126,16,41,2,64,82,6,75,7,-0.0306345733041575,-0.0010940919037199,75,20,0.4043715846994535,0.3871340523882897,42,108,278,152,141,152,223,142,181,108,40,321,662,131,117,5,0,471,118,58,2,0
Ludwig van Beethoven,303,10,166,253,25,125,28,181,115,17,89,139,-0.0024950099800399,-0.0678642714570858,60,15,0.487863674147964,0.5007666360012265,12,116,660,343,312,284,380,204,251,151,36,747,1306,448,147,76,28,650,319,77,40,1
Ludwig van Beethoven,70,19,69,23,11,37,19,49,20,27,23,15,-0.0033557046979865,0.046979865771812,22,0,0.5858458961474037,0.6295620437956204,18,18,174,67,60,108,90,63,127,30,16,209,361,113,92,20,11,66,27,39,5,0
Ludwig van Beethoven,105,74,24,217,14,58,8,73,131,18,77,26,-0.0243690165361183,0.0539599651871192,49,7,0.8627536231884068,0.9065495207667736,49,212,415,232,253,198,334,282,270,168,56,424,430,204,363,145,8,74,98,104,37,0
Ludwig van Beethoven,240,9,123,226,13,247,33,142,107,83,400,46,-0.006522625356706,0.0370974317162658,42,6,0.4936158652540068,0.6154970760233918,9,106,715,460,349,294,552,345,479,239,60,839,1528,621,138,167,0,192,162,78,24,0
Ludwig van Beethoven,270,35,231,272,39,371,65,401,221,86,479,35,-0.0114269788182831,-0.0303790412486064,121,20,0.3777514628030087,0.3577786377708976,84,404,674,612,576,146,706,465,365,188,39,1050,2775,543,242,29,0,1012,140,130,10,0
Ludwig van Beethoven,331,183,219,362,859,116,450,298,287,507,106,864,-0.0037029818748781,-0.1235626583511985,119,34,0.9124123148869732,1.050635208711442,35,143,898,777,719,475,706,722,902,255,159,2451,1322,1863,1054,845,48,820,898,459,502,76
Ludwig van Beethoven,224,544,1239,227,741,370,606,752,287,1071,473,610,-0.0029644268774703,-0.0891798418972332,110,19,0.628524968095184,1.019921329780486,86,488,1838,1190,1183,880,1146,969,1327,648,156,2765,3853,2344,1355,514,31,2379,930,925,879,141
Ludwig van Beethoven,1114,264,562,909,205,577,168,981,672,189,687,315,-0.0014531363526277,-0.0503753935577621,240,49,0.6562638737538858,1.0930174250971552,112,530,2219,1191,1212,972,1575,1155,1437,763,145,3259,3557,2713,1217,713,59,2536,897,738,805,342
Ludwig van Beethoven,844,277,347,200,387,709,139,553,241,365,372,164,-0.0047773417505545,-0.1003241767616447,127,13,0.5034118048447638,0.6656888309430681,134,492,1549,906,715,535,921,595,894,356,70,1923,3800,1063,761,238,0,2711,795,660,436,0
Ludwig van Beethoven,873,169,421,927,126,504,101,700,490,116,509,300,-0.0039068858863747,-0.0516034510825329,200,18,0.7817518446180599,1.028339588546011,103,547,1610,893,1026,798,1065,793,865,497,211,1946,2048,1898,1535,622,41,1637,1315,887,904,53
Frédéric Chopin,18,42,89,27,82,33,19,13,15,82,19,50,-0.0542244640605296,0.0264817150063051,6,0,0.8613560033585226,0.8094696969696968,8,26,136,127,64,122,105,126,144,113,6,161,167,189,372,66,0,65,31,103,21,0
Frédéric Chopin,246,500,109,296,252,366,350,104,710,226,158,214,0.0092077087794432,-0.0002141327623126,151,22,0.4943623777920499,0.6631378935939201,96,345,586,551,547,578,634,577,545,283,92,2023,2746,1216,703,6,0,327,286,308,0,0
Frédéric Chopin,13,12,13,19,33,3,3,6,6,3,0,40,-0.1152416356877323,0.1189591078066914,13,0,0.5672839506172835,1.2361111111111112,9,14,94,74,67,13,79,36,40,9,2,170,178,30,53,8,1,4,2,3,3,0
Frédéric Chopin,52,125,108,53,81,52,162,85,56,47,69,131,-0.0209601081812035,-0.0446247464503042,55,1,0.8739864864864864,0.7458471760797342,0,69,249,429,302,189,165,171,308,235,10,458,245,378,764,93,0,84,108,85,24,0
Frédéric Chopin,66,14,50,18,34,132,2,55,0,57,97,0,-0.003671970624235,-0.047735618115055,76,16,0.6479217603911978,0.3959044368600682,16,76,84,171,125,90,165,48,180,122,48,78,278,251,269,20,0,171,116,2,4,0
Frédéric Chopin,168,520,28,402,210,129,333,52,601,212,130,99,0.0016863406408094,-0.0310286677908937,7,0,0.3584513373791915,0.5178253119429589,10,49,47,33,33,24,87,81,83,28,21,456,2719,115,82,40,10,148,13,10,14,2
Frédéric Chopin,81,103,53,262,54,234,72,115,300,33,212,60,-0.0113803230543318,0.0168869309838472,188,32,0.6296024464831799,0.4414850686037126,18,95,654,544,491,439,421,487,1013,334,88,655,775,1249,602,99,0,915,547,164,26,0
Frédéric Chopin,196,210,60,198,94,232,160,88,114,116,206,80,0.0068376068376068,-0.0039886039886039,6,0,0.4865223993925589,1.3,382,291,283,136,205,60,133,100,204,153,191,2234,324,1428,2,2,0,12,0,2,2,4
Frédéric Chopin,29,7,13,10,49,15,9,18,24,28,3,22,0.0097560975609756,-0.1304878048780487,20,2,0.4716128377005948,1.023876404494381,50,59,443,271,434,245,499,323,383,142,28,635,1332,99,166,36,8,54,53,36,30,5
Frédéric Chopin,616,81,213,226,129,285,17,518,337,27,54,127,0.0034194528875379,-0.0037993920972644,2,0,0.2618685909608811,1.0,0,0,21,5,13,21,43,37,139,20,8,397,2584,17,30,2,0,0,0,2,0,0
Frédéric Chopin,296,17,130,46,152,95,32,143,47,113,24,145,0.0,0.007656967840735,4,1,0.4929227237949503,1.3086124401913874,0,3,4,9,6,10,27,3,4,16,2,1024,1203,5,8,18,73,83,20,42,64,0
Frédéric Chopin,65,31,4,34,18,12,6,3,38,2,24,7,0.0027397260273972,0.0200913242009132,7,0,0.6264446472019465,0.6960093896713615,5,156,720,516,620,262,528,396,548,177,19,999,8,995,56,37,0,1,56,10,4,0
Frédéric Chopin,20,14,53,0,21,3,41,21,0,4,17,91,0.0,0.0204678362573099,19,0,0.6341107871720116,0.75,0,8,91,115,136,31,41,47,120,22,0,54,62,185,90,6,0,10,5,2,5,0
Frédéric Chopin,0,5,2,14,13,0,5,0,18,14,1,0,-0.2252747252747252,-0.1593406593406593,3,0,0.629326047358834,0.6016949152542376,12,59,23,56,66,6,135,64,64,7,16,57,101,39,29,14,0,60,20,29,9,0
Frédéric Chopin,28,55,1,31,3,51,15,2,442,2,27,2,-0.037629350893697,0.0037629350893697,279,125,0.8425751879699249,0.8577981651376146,20,59,248,302,396,96,440,215,272,114,17,757,32,709,195,105,23,27,38,28,16,0
Frédéric Chopin,5,39,58,0,58,9,44,45,8,85,21,48,0.0159453302961275,-0.0546697038724373,1,0,0.2583333333333333,0.8703703703703703,0,1,9,27,28,20,11,5,39,2,0,10,425,15,0,0,0,1,4,4,0,0
Frédéric Chopin,103,115,30,117,58,125,86,19,57,54,103,20,-0.016798418972332,-0.0079051383399209,0,0,0.3024843698585061,0.3656542056074766,2,6,42,27,40,51,59,45,92,32,7,204,845,158,9,1,0,163,43,3,5,0
Frédéric Chopin,13,0,7,18,0,8,12,19,5,5,1,0,0.0123076923076923,-0.1353846153846153,17,0,0.738241308793456,0.6111111111111112,0,16,150,120,113,52,58,87,155,14,0,369,54,154,91,27,0,73,120,67,4,0
Frédéric Chopin,137,195,48,183,58,275,136,97,179,88,209,41,0.0038280329799764,0.0845111896348645,83,23,0.4435040722205781,0.4756944444444444,23,254,717,650,788,575,738,632,799,398,106,1733,2725,258,266,143,5,233,177,39,6,1
Frédéric Chopin,98,45,14,90,24,52,6,33,52,9,36,12,-0.0052122114668652,0.0364854802680565,8,2,0.3816344246031725,0.2914171656686626,1,149,411,447,533,193,695,307,282,79,12,728,1161,4,174,4,1,313,13,3,5,0
Frédéric Chopin,20,79,5,54,16,59,87,11,63,1,61,41,-0.0308370044052863,0.0748898678414096,4,0,0.8256353861192571,1.4915458937198067,5,18,190,166,216,155,160,173,320,97,52,243,31,543,28,69,11,17,25,7,13,7
Frédéric Chopin,83,56,78,234,20,142,49,126,85,46,260,46,-0.015472312703583,-0.000814332247557,1,0,0.3422836994846712,1.5384615384615383,0,16,61,32,16,11,12,25,33,9,0,26,1216,4,7,2,0,0,2,5,6,0
Frédéric Chopin,41,279,69,49,70,36,81,24,265,119,11,55,0.0141685309470544,0.0074571215510812,17,0,0.6241306507699967,0.3971306471306471,3,111,269,254,299,141,366,242,337,107,77,518,953,66,228,85,10,221,16,27,9,0
Frédéric Chopin,89,38,131,18,88,113,10,69,58,191,23,26,-0.0113314447592068,0.1208687440982058,13,1,0.4111635220125782,0.6076115485564304,142,131,152,81,59,50,58,55,38,19,3,253,741,223,83,13,0,56,43,22,6,0
Frédéric Chopin,85,29,81,56,11,53,17,76,44,7,26,29,-0.0390041493775933,-0.0199170124481327,35,6,0.4231619679380869,0.352967425256582,190,229,575,346,546,268,389,315,350,111,49,1020,1055,51,35,53,12,667,34,17,29,0
Frédéric Chopin,7,25,0,0,0,1,7,0,18,0,8,11,-0.0676202860858257,-0.0442132639791937,89,3,0.3615800865800864,0.3305031446540881,0,165,182,198,275,64,252,116,188,135,12,465,611,118,28,13,0,221,33,11,0,0
Frédéric Chopin,83,41,1,38,29,54,4,38,67,1,39,1,-0.0149812734082397,0.0012484394506866,12,8,0.3442435577722392,1.2329545454545454,215,120,60,57,36,17,35,28,25,9,38,66,791,6,3,2,0,30,6,8,44,0
Frédéric Chopin,16,30,32,68,12,46,64,12,20,22,58,54,-0.0554272517321016,-0.0023094688221709,0,0,0.336405529953917,3.0,0,0,0,0,0,0,0,0,0,0,0,216,432,0,2,0,0,0,0,0,2,0
Frédéric Chopin,6,23,8,46,19,4,13,11,18,14,38,51,-0.012012012012012,-0.027027027027027,158,0,0.3190904547726137,0.3158761528326745,14,35,148,150,197,49,191,119,130,104,28,336,587,52,28,0,0,209,32,12,0,0
Frédéric Chopin,113,0,39,2,24,100,0,58,2,79,15,7,-0.0144032921810699,-0.102880658436214,0,0,0.3617385352498288,1.400900900900901,8,16,20,13,16,25,78,28,66,22,8,49,421,35,19,11,1,5,11,8,13,0
Frédéric Chopin,11,0,3,4,10,0,10,3,2,13,3,19,-0.0748031496062992,-0.0472440944881889,104,50,0.7607843137254903,1.157894736842105,2,12,61,98,82,76,81,41,164,72,11,59,15,196,19,23,2,7,3,3,6,0
Frédéric Chopin,36,16,5,14,15,28,11,26,17,15,34,10,-0.0524934383202099,-0.0393700787401574,8,0,0.3418411867364743,0.7048286604361372,18,47,43,27,23,29,26,27,34,29,11,249,320,52,6,2,2,36,49,9,13,0
Frédéric Chopin,29,144,69,62,35,64,137,15,58,52,47,62,-0.0060189165950128,-0.1074806534823731,0,0,0.3784364261168368,0.4690563725490204,114,331,101,165,289,114,379,347,257,270,114,593,897,256,4,7,0,136,133,1,2,0
Frédéric Chopin,209,51,413,265,94,196,125,294,147,168,395,76,-0.0014120304998587,0.0036712792996328,86,13,0.6952757387539998,0.7315864022662891,68,229,778,532,644,630,538,502,738,307,157,1391,1436,1074,737,282,13,527,176,277,43,36
Frédéric Chopin,70,50,27,90,25,59,31,76,66,20,82,20,-0.006551724137931,-0.0586206896551724,82,9,0.3484717913363209,0.5160875160875159,209,516,905,756,703,403,806,815,844,414,210,2880,2180,592,121,8,0,495,168,83,31,0
Frédéric Chopin,7,1,13,14,8,47,9,22,0,15,31,0,-0.0621242484969939,0.0781563126252505,2,0,0.675,0.8114754098360656,1,7,151,124,86,68,85,126,175,35,2,385,8,427,32,33,0,19,22,9,11,0
Frédéric Chopin,0,1,4,0,6,0,0,0,0,6,0,2,0.0,0.0,4,0,1.1705882352941177,1.161764705882353,1,7,27,25,17,14,31,16,36,15,0,38,7,9,48,21,0,0,2,12,3,0
Frédéric Chopin,70,13,44,12,49,22,3,15,28,76,9,57,0.0190582959641255,-0.1883408071748878,0,0,0.4795632698768197,0.3820645905420992,1,46,221,245,331,155,299,261,294,55,4,579,593,177,90,27,6,591,245,22,9,0
Frédéric Chopin,55,200,30,145,57,186,154,15,144,52,74,17,0.0136494252873563,-0.0308908045977011,3,0,0.3531945441493178,0.7481884057971014,102,157,196,97,120,66,126,111,133,76,37,209,1196,110,75,12,0,71,24,31,12,0
Frédéric Chopin,11,131,210,1,106,19,143,93,59,166,8,64,0.0,0.000709219858156,47,0,0.7963619182612818,0.7835858585858584,27,53,241,355,513,201,568,192,470,272,57,583,213,513,627,58,0,43,126,150,11,0
Frédéric Chopin,64,114,12,96,10,101,90,6,105,4,106,0,-0.0130668716372021,0.0976172175249807,112,20,0.6884280593958018,1.1950113378684806,88,140,230,206,515,154,491,210,307,118,58,823,264,604,376,58,0,44,54,7,42,0
Frédéric Chopin,17,1,3,2,11,2,1,17,1,17,2,7,0.0568720379146919,0.0758293838862559,3,0,0.3396226415094341,0.251449275362319,10,32,124,117,119,10,112,77,92,40,14,206,172,38,2,0,0,201,27,2,0,0
Frédéric Chopin,2,1,10,0,6,4,7,1,1,10,0,12,0.0505050505050505,0.0757575757575757,7,3,0.7948073701842544,1.0638888888888889,1,11,12,24,13,13,62,29,51,17,7,51,8,152,19,17,3,12,22,13,10,3
Frédéric Chopin,0,0,2,0,0,3,2,0,0,1,0,0,-0.110091743119266,-0.0825688073394495,0,0,0.9636363636363636,2.0,4,20,42,50,46,26,44,40,37,19,6,123,12,4,92,0,2,0,2,0,2,0
Frédéric Chopin,0,23,1,34,11,3,79,1,20,0,17,25,-0.0714285714285714,-0.0639097744360902,3,0,0.6104868913857678,0.5833333333333334,0,5,13,9,8,13,22,10,32,6,1,39,23,224,9,11,0,18,1,3,2,0
Frédéric Chopin,49,6,117,1,64,9,16,113,0,121,0,90,0.0337620578778135,-0.0128617363344051,2,0,0.4229534510433387,0.4819587628865979,7,70,151,127,177,83,59,129,120,51,44,182,579,3,11,17,13,71,21,0,5,0
Frédéric Chopin,36,133,12,65,13,80,88,20,84,15,119,45,0.0049240869922035,-0.0422650800164136,98,14,0.8637202625102538,0.7553722179585571,69,413,795,587,887,553,723,723,786,360,97,1818,319,646,1330,143,0,360,354,509,80,0
Frédéric Chopin,123,59,37,28,61,175,90,75,34,34,39,51,-0.0190174326465927,0.0277337559429477,9,5,0.3781340723145948,0.3760364842454398,7,107,137,147,217,90,225,131,352,161,41,179,768,483,8,4,0,246,148,3,5,0
Robert Schumann,395,147,211,74,297,311,61,270,123,299,207,137,-0.0083018867924528,0.0118238993710691,196,54,0.464432427900738,0.5472996216030271,223,396,1110,670,754,729,716,599,969,327,99,1262,2333,1047,546,44,6,601,188,124,53,3
Robert Schumann,133,13,146,130,16,81,50,145,52,63,76,35,-0.0160067396798652,-0.0092670598146588,4,0,0.4576318742985411,0.4405982905982913,60,49,104,82,132,65,147,112,176,63,24,372,781,176,221,10,0,236,116,38,0,0
Robert Schumann,45,4,48,49,4,37,23,43,8,39,49,4,-0.0241448692152917,-0.0724346076458752,17,0,0.5732931726907629,0.8626760563380284,28,50,102,75,95,79,102,77,139,67,16,183,232,111,151,4,0,57,42,20,23,0
Robert Schumann,2,18,26,4,22,4,10,17,4,31,2,12,-0.0374331550802139,-0.0160427807486631,0,0,0.4454787234042553,0.5104166666666666,0,2,56,35,29,20,27,29,35,8,11,47,94,69,25,0,0,21,21,6,0,0
Robert Schumann,0,2,0,0,4,0,4,0,0,0,0,0,-0.1715481171548117,-0.0460251046025104,2,0,0.65625,0.4166666666666667,0,62,122,88,130,20,126,58,112,12,0,230,92,58,84,6,0,90,24,6,6,0
Robert Schumann,16,17,27,0,25,8,30,19,6,79,8,17,-0.0235546038543897,0.2226980728051391,5,0,0.4734686609686609,0.4473684210526316,11,53,113,105,90,47,80,44,99,21,16,270,197,234,27,10,0,18,16,3,1,0
Robert Schumann,53,3,39,1,29,66,3,40,0,46,31,4,-0.0479797979797979,0.0656565656565656,0,0,1.0661209068010076,1.0823863636363635,3,24,96,102,131,35,203,63,147,33,18,222,8,228,77,77,7,3,20,53,12,0
Robert Schumann,156,21,51,5,155,150,14,109,44,226,72,126,0.019543973941368,0.0317589576547231,3,0,0.3433685923515053,0.2631578947368421,0,3,88,83,47,7,68,66,89,4,4,306,892,288,49,0,0,178,10,2,0,0
Robert Schumann,38,4,16,2,14,6,0,38,0,6,2,0,-0.0614886731391585,-0.1003236245954692,34,0,1.1725806451612903,0.75,0,32,122,62,204,30,116,102,122,52,6,216,0,50,182,78,0,2,48,52,0,0
Robert Schumann,34,0,62,0,32,0,24,82,0,28,0,38,-0.0107238605898123,0.4638069705093833,0,0,0.560160427807488,0.5117994100294988,0,14,52,75,50,12,92,22,61,13,0,124,228,50,88,8,0,85,4,24,0,0
Robert Schumann,237,62,305,180,75,247,94,216,58,226,364,22,-0.0127614321162708,0.0634526763559021,18,2,0.590302386014647,0.7242695883134129,30,121,300,305,327,185,302,377,418,145,58,1291,882,1466,337,137,0,201,145,111,45,0
Robert Schumann,63,2,24,1,24,46,6,20,0,27,25,2,-0.1149732620320855,0.0695187165775401,0,0,0.7702222222222221,0.5281531531531531,0,38,113,110,105,68,126,88,103,46,21,155,2,215,143,15,0,4,137,7,0,0
Robert Schumann,12,16,37,4,30,0,46,34,8,37,0,24,0.0,0.0560747663551401,20,6,0.6711344211344212,0.7946666666666666,2,44,53,95,118,62,111,68,101,82,8,169,99,204,98,28,0,8,84,15,18,0
Robert Schumann,11,2,14,4,22,0,11,12,2,13,3,15,-0.1124260355029585,-0.1124260355029585,2,0,1.5750000000000015,0.8105263157894737,10,8,26,15,33,23,41,29,97,20,1,39,41,16,24,80,9,38,8,40,9,0
Robert Schumann,20,12,31,4,56,4,35,42,2,22,6,65,0.0140449438202247,0.0308988764044943,1,0,0.3312324929971988,0.35,0,6,15,12,25,40,38,14,17,12,10,52,317,10,26,4,0,101,32,12,0,0
Robert Schumann,102,62,135,70,8,117,36,90,27,71,91,28,-0.0130494505494505,0.0034340659340659,57,2,0.627259208419132,0.48901234567901,140,233,207,134,148,168,286,215,287,135,38,803,680,436,217,120,4,393,190,92,0,0
Robert Schumann,25,0,75,1,27,8,6,48,0,23,6,56,-0.0595744680851063,0.0085106382978723,0,0,0.54723991507431,0.50375,11,27,188,144,188,76,118,89,128,42,10,153,174,209,76,12,0,117,53,22,8,0
Robert Schumann,3,6,22,3,12,12,9,18,9,29,12,3,0.0180658873538788,0.1190223166843783,3,0,0.3535031847133743,0.3267045454545454,121,176,429,190,212,209,160,155,159,90,83,372,791,100,51,0,0,549,142,13,0,0
Robert Schumann,99,4,170,39,68,57,32,139,24,96,71,33,-0.0206528980679546,0.111925383077948,63,26,0.6699955614735907,0.531539701733172,0,61,197,156,206,119,399,174,244,101,14,1141,783,410,164,145,0,449,268,79,31,0
Robert Schumann,133,36,205,134,29,140,65,184,69,135,202,21,0.0086687306501548,-0.0544891640866873,5,0,0.6823948019801983,0.8378260869565217,3,40,233,142,153,193,227,274,300,106,46,459,495,580,463,78,0,128,267,81,99,0
Robert Schumann,29,17,9,3,18,0,55,14,17,21,1,112,0.0056657223796034,0.0566572237960339,13,0,0.6059322033898306,0.5636363636363636,7,29,131,99,136,33,115,89,68,30,34,163,145,101,99,9,0,26,12,17,0,0
Robert Schumann,46,5,65,47,4,84,16,37,13,32,75,7,0.0,-0.0352733686067019,15,1,0.9304577464788728,1.343792172739541,43,126,153,80,139,117,103,132,156,103,36,305,196,198,107,51,16,47,90,59,32,19
Robert Schumann,0,38,4,102,24,12,50,22,48,0,48,73,-0.0727699530516431,-0.2417840375586854,9,0,0.3493364558938329,0.2934782608695652,1,8,59,33,50,40,40,34,57,27,11,75,281,143,3,0,0,21,2,0,0,0
Robert Schumann,42,0,12,0,6,28,0,12,0,20,18,0,0.0769230769230769,0.0226244343891402,26,4,0.6779279279279279,0.5784313725490197,0,20,39,56,59,30,46,45,61,6,0,76,0,173,49,0,0,8,39,2,2,0
Robert Schumann,72,5,57,0,37,91,3,47,0,69,38,8,-0.005607476635514,-0.0317757009345794,18,0,1.5520833333333333,1.1546023235031282,31,79,166,165,239,58,279,152,235,81,26,341,63,130,212,96,35,80,126,88,79,0
Robert Schumann,16,37,11,21,10,40,6,7,46,11,35,11,-0.0491329479768786,0.0606936416184971,19,2,1.1251200768491834,1.0172201722017225,27,42,104,85,79,88,78,71,132,37,20,143,79,117,97,44,10,80,90,58,43,0
Robert Schumann,0,2,0,1,3,0,1,2,2,0,0,1,-0.1276595744680851,-0.1595744680851064,8,0,0.4682539682539682,0.6910994764397904,16,74,112,94,131,26,137,70,123,20,4,260,110,62,15,2,0,89,64,27,11,0
Robert Schumann,30,19,13,13,29,0,61,14,14,35,2,90,-0.0338164251207729,-0.1135265700483091,23,1,1.114257028112449,0.8874868559411145,21,71,162,107,169,36,170,101,94,47,42,189,82,125,152,45,11,121,92,60,44,0
Robert Schumann,35,8,68,0,43,0,32,104,0,29,9,58,-0.0087336244541484,0.1834061135371179,8,0,0.8438634713144517,0.7170810313075512,17,61,90,108,88,45,138,54,98,14,0,157,152,144,124,38,1,190,83,57,32,0
Robert Schumann,21,1,5,0,10,1,0,21,0,4,3,1,-0.0300429184549356,-0.0042918454935622,50,12,0.4006410256410254,0.699044585987261,8,47,101,53,162,30,80,74,78,36,7,131,174,43,17,0,0,90,32,20,15,0
Robert Schumann,26,0,82,3,30,9,16,54,0,26,7,53,-0.0075614366729678,-0.0018903591682419,22,0,0.7022012578616352,0.7762910798122068,28,71,242,201,225,100,195,146,175,70,3,224,221,182,104,22,1,162,108,47,38,0
Robert Schumann,12,6,5,2,16,2,8,10,4,31,4,13,-0.0410447761194029,0.085820895522388,5,0,0.5867410161090456,0.6010362694300518,9,41,75,74,63,31,54,29,56,14,3,170,143,90,23,11,2,120,36,25,12,0
Robert Schumann,64,8,26,4,17,57,5,39,5,28,23,8,-0.0032894736842105,-0.0219298245614035,166,80,0.6349945235487405,0.8391472868217054,15,187,438,254,381,213,434,304,349,165,17,910,569,185,102,39,18,278,207,122,81,0
Robert Schumann,279,92,169,77,177,205,77,237,75,176,127,78,0.0028933092224231,-0.0050632911392405,165,14,0.9178115208483992,0.8553169734151301,173,381,1262,873,963,556,1119,824,1013,414,88,1857,772,1055,646,253,40,859,599,404,256,1
Robert Schumann,44,35,6,30,11,61,16,23,47,9,31,12,-0.0112474437627811,-0.0378323108384458,47,4,0.5580524344569284,0.8208940129449855,57,169,491,423,480,205,556,326,389,158,50,1080,588,221,144,26,0,358,222,156,88,0
Robert Schumann,326,60,245,165,75,175,48,322,149,125,125,84,0.0047013274336283,-0.0566924778761061,259,78,0.7295640954750681,0.7862521658003463,264,789,1226,950,1067,698,1060,627,943,536,172,2222,1932,818,585,226,56,1272,521,436,272,0
Robert Schumann,51,0,11,4,23,25,5,16,2,10,13,0,-0.1365079365079365,0.0285714285714285,16,1,0.6210443037974684,0.763940520446097,29,66,121,129,131,73,108,108,121,50,19,157,136,117,56,6,1,109,90,47,23,0
Robert Schumann,5,9,13,3,1,0,23,7,6,35,0,20,0.0242424242424242,-0.1151515151515151,26,3,0.673716012084592,0.8021680216802167,32,89,84,136,171,79,142,106,128,129,24,250,129,133,53,15,1,107,73,41,25,0
Robert Schumann,261,63,72,102,87,235,61,159,121,76,112,59,0.0172413793103448,0.0545977011494252,40,7,0.4861576511887702,0.6467458549863904,230,219,820,320,441,493,519,370,639,165,109,684,1415,441,182,48,3,796,261,178,112,0
Robert Schumann,38,12,16,2,5,45,5,13,9,11,8,3,-0.0021645021645021,-0.0508658008658008,35,1,0.3753153153153139,0.6786310517529207,120,318,176,103,180,172,204,136,197,47,30,345,781,83,56,5,0,352,108,84,55,0
Robert Schumann,50,114,24,94,32,79,80,22,123,32,50,31,-0.037117903930131,0.0414847161572052,24,0,0.6079607415485273,0.712617823479005,43,120,130,75,116,86,105,103,158,53,61,120,436,299,160,22,0,381,216,117,64,0
Robert Schumann,125,65,37,67,23,120,21,51,69,30,77,18,-0.0146842878120411,-0.0198237885462555,131,75,0.4982269503546109,0.6199324324324323,138,239,534,230,287,281,315,252,350,160,61,768,874,317,147,23,2,630,181,160,65,0
Robert Schumann,0,22,4,93,23,10,40,17,39,0,48,56,0.0129870129870129,-0.2545454545454545,9,0,0.8883851468048355,0.8151515151515153,20,33,61,43,56,33,45,34,66,20,5,70,187,61,99,32,7,143,97,51,39,0
Robert Schumann,5,18,28,7,21,2,14,23,4,23,6,17,0.0379146919431279,-0.1090047393364928,4,1,0.8105345911949686,0.7718808193668527,16,29,87,62,61,37,30,54,66,13,24,64,62,77,63,9,1,81,51,30,17,0
Robert Schumann,80,76,68,124,24,103,39,80,127,32,176,35,0.0068355448331322,0.0100522718134298,102,18,0.5095458199356889,0.7435998597229513,118,340,966,652,784,353,727,626,677,271,91,1906,1628,552,252,52,4,907,530,284,180,0
Robert Schumann,26,0,82,3,30,9,16,54,0,26,7,53,-0.0075614366729678,-0.0018903591682419,22,0,0.7022012578616352,0.7762910798122068,28,71,242,201,225,100,195,146,175,70,3,224,221,182,104,22,1,162,108,47,38,0
Robert Schumann,11,4,9,1,16,3,5,16,0,0,6,7,0.0603015075376884,-0.0703517587939698,9,1,0.3695833333333334,0.5730769230769229,37,45,28,28,56,57,46,15,29,11,12,54,175,12,10,3,0,95,12,13,10,0
Ludwig van Beethoven,272,59,185,96,122,148,54,435,87,106,91,132,-0.010830324909747292,0.06768953068592058,58,17,0.4188843782889801,0.7405498281786941,87,79,300,229,157,70,142,143,146,67,31,226,1343,706,133,35,0,210,66,66,41,5
Ludwig van Beethoven,32,41,152,8,64,10,67,134,21,104,37,95,0.009397024275646046,-0.02192638997650744,9,0,0.3619587897756884,0.6164574616457459,29,122,391,207,171,117,145,73,79,72,52,312,1146,68,57,7,0,485,83,83,66,0
Ludwig van Beethoven,91,17,19,67,9,43,15,71,57,22,62,37,0.0,0.02719343252950231,268,88,0.5513675213675254,0.6833824975417925,166,221,975,396,410,420,465,309,612,248,66,1408,1412,226,223,75,14,837,204,179,134,2
Ludwig van Beethoven,759,300,784,1327,65,661,98,840,637,211,1644,122,-0.0019824707846410683,-0.3115609348914858,810,87,0.3607111806642678,0.8675356732264821,42,586,1327,1213,1243,455,1283,963,1088,565,47,5150,9076,111,398,0,0,587,835,3507,0,0
Ludwig van Beethoven,320,143,302,48,778,98,160,233,165,527,49,420,-0.004018612521150592,-0.13578680203045684,332,20,0.6028406287446231,1.0287056367432108,496,1322,2447,1936,1995,1253,2072,1591,2180,1059,395,6801,1999,1639,877,214,0,1812,357,572,1570,0
Ludwig van Beethoven,103,14,155,30,79,60,25,212,18,36,31,65,-0.03112449799196787,-0.05923694779116466,67,21,0.4223503844867937,1.0015938069216759,20,63,133,97,55,42,108,66,67,72,8,206,730,144,123,0,0,138,7,221,0,0
Ludwig van Beethoven,1260,287,1068,1832,425,1865,344,1483,935,562,2478,421,-0.0011171104077452988,-0.18530068888475143,2139,551,0.6922426499108015,1.491577004633634,682,3361,8291,6429,6763,4138,7122,5427,7242,3181,694,24550,8006,7543,3963,1972,1,3572,2488,1278,5395,0
Ludwig van Beethoven,13,40,0,20,0,9,8,7,46,0,22,0,-0.022813688212927757,-0.09125475285171103,38,14,1.4383301707779885,1.3362068965517242,0,4,90,63,132,59,84,107,135,84,0,244,0,76,292,151,8,0,38,69,67,0
Ludwig van Beethoven,95,91,23,221,23,56,2,79,115,13,112,8,-0.0031496062992125984,0.007874015748031496,224,84,0.965971675845791,0.8908076514346461,49,204,442,263,254,244,395,251,379,208,57,621,504,312,273,155,27,401,278,123,137,2
Ludwig van Beethoven,481,155,384,448,117,1247,210,286,195,762,1139,55,-0.005845568243610658,-0.2849374660141381,442,58,1.0224276199537843,1.560577503015683,194,577,1876,2192,1412,560,1587,1973,1784,631,134,7515,620,2507,3335,895,0,1188,1797,603,3044,0
Ludwig van Beethoven,158,27,58,84,22,91,11,129,71,15,74,51,0.0032916392363396972,0.038841342988808425,60,14,0.48135964912280726,0.7051741803278689,146,320,377,285,228,156,247,210,182,126,46,392,1088,241,160,26,5,532,206,152,84,2
Ludwig van Beethoven,43,143,17,81,111,15,123,31,159,83,8,75,0.004930966469428008,0.20512820512820512,12,0,0.6348111658456493,0.4188063063063064,13,59,93,209,238,64,342,310,113,74,19,1677,823,21,66,69,36,477,173,76,14,0
Ludwig van Beethoven,56,330,77,291,176,36,126,86,610,148,77,145,0.007597589730154571,0.122347393240765,322,114,0.4240440020953359,0.6158777120315575,64,126,883,599,708,546,506,791,731,197,53,1875,2724,778,227,74,15,599,191,154,70,0
Ludwig van Beethoven,874,145,1028,1235,156,774,264,1286,695,553,1449,222,-0.0008509979885502089,-0.234101810304812,904,92,0.43242825094762216,1.2256718079185855,365,1470,2966,2244,2515,1401,2683,1902,2596,1488,360,9507,8723,2818,1043,343,0,1268,1416,711,2894,0
Ludwig van Beethoven,740,75,324,345,137,462,70,754,331,88,212,187,-0.0030497592295345103,-0.25553772070626,326,31,0.4999197560584285,0.9039503972673971,483,1093,2778,1726,1883,1450,2079,1450,2226,1003,389,6128,3415,1897,701,218,0,1757,815,843,1074,0
Ludwig van Beethoven,95,3,38,53,234,20,2,31,24,188,27,79,-0.034482758620689655,0.13014460511679643,104,39,0.4946296296296286,0.8054066130473637,70,55,165,103,74,55,70,35,78,17,6,58,374,456,67,3,0,351,156,158,81,0
Ludwig van Beethoven,392,139,467,203,232,149,215,426,108,277,199,325,-0.006779661016949152,0.030750605326876512,163,4,0.3260308238521746,0.39629518673856606,8,238,791,600,455,249,611,265,247,131,125,723,3353,678,99,1,0,1327,217,98,27,0
Ludwig van Beethoven,615,66,262,230,85,349,58,636,259,74,193,147,0.0014290818149339049,-0.2300821722043587,314,13,0.507531106745253,1.0959581273626073,454,1113,2738,1758,1884,1435,2085,1495,2158,980,383,6111,3032,1714,636,217,0,1069,567,641,1162,0
